{
  "ReRoutes": [
    {
      "DownstreamPathTemplate": "/api/identity/{catchAll}",
      "DownstreamScheme": "http",
      "DownstreamHostAndPorts": [
        {
          "Host": "10.0.5.15",
          "Port": 5000
        }
      ],
      "UpstreamPathTemplate": "/api/identity/{catchAll}"
    },
    {
      "DownstreamPathTemplate": "/api/userservice/{catchAll}",
      "DownstreamScheme": "http",
      "DownstreamHostAndPorts": [
        {
          "Host": "10.0.11.243",
          "Port": 5000
        }
      ],
      "UpstreamPathTemplate": "/api/userservice/{catchAll}"
    },
    {
      "DownstreamPathTemplate": "/api/postservice/{catchAll}",
      "DownstreamScheme": "http",
      "DownstreamHostAndPorts": [
        {
          "Host": "10.0.7.235",
          "Port": 5000
        }
      ],
      "UpstreamPathTemplate": "/api/postservice/{catchAll}"
    },
    {
      "DownstreamPathTemplate": "/api/chatservice/{catchAll}",
      "DownstreamScheme": "http",
      "DownstreamHostAndPorts": [
        {
          "Host": "10.0.13.73",
          "Port": 5000
        }
      ],
      "UpstreamPathTemplate": "/api/chatservice/{catchAll}"
    },
    {
      "DownstreamPathTemplate": "/chat/negotiate",
      "DownstreamScheme": "http",
      "DownstreamHostAndPorts": [
        {
          "Host": "10.0.13.73",
          "Port": 5000
        }
      ],
      "UpstreamPathTemplate": "/chat/negotiate"
    },
    {
      "DownstreamPathTemplate": "/chat",
      "DownstreamScheme": "ws",
      "DownstreamHostAndPorts": [
        {
          "Host": "10.0.13.73",
          "Port": 5000
        }
      ],
      "UpstreamPathTemplate": "/chat"
    },
    {
      "DownstreamPathTemplate": "/api/notificationservice/{catchAll}",
      "DownstreamScheme": "http",
      "DownstreamHostAndPorts": [
        {
          "Host": "10.0.11.101",
          "Port": 5000
        }
      ],
      "UpstreamPathTemplate": "/api/notificationservice/{catchAll}"
    },
    {
      "DownstreamPathTemplate": "/notification/negotiate",
      "DownstreamScheme": "http",
      "DownstreamHostAndPorts": [
        {
          "Host": "10.0.11.101",
          "Port": 5000
        }
      ],
      "UpstreamPathTemplate": "/notification/negotiate"
    },
    {
      "DownstreamPathTemplate": "/notification",
      "DownstreamScheme": "ws",
      "DownstreamHostAndPorts": [
        {
          "Host": "10.0.11.101",
          "Port": 5000
        }
      ],
      "UpstreamPathTemplate": "/notification"
    }
  ],
  "GlobalConfiguration": {
    "BaseUrl": "https://api.trip-sharing.net"
  }
}
